X;891.8848
Y;944.5119
Z;731.4001
x;0.3473
y;0.3678
u;0.2068
v;0.3285
u_prime;0.2068
v_prime;0.4927
Tc_CCT;4970.2642
Nit;944.5119
r_ratio;18.7221
g_ratio;75.6559
b_ratio;5.6220
DUV;0.0071
Ra;97.2299
R1;98.7025
R2;97.4343
R3;98.0920
R4;95.6522
R5;98.1465
R6;97.4382
R7;95.4975
R8;96.8762
R9;96.7767
R10;96.1115
R11;96.7776
R12;92.3004
R13;96.8345
R14;98.9587
R15;96.3482
Lp;673.0000
HW;326.6090
Ld;567.8854
purity;15.6320
SP;2.8585
SDCM;4.1152
k;5000.0000
lux;944.5119
Ee;5.4686
fc;87.7480
CQS;96.8090
GAI_EES;83.9659
GAI_BB_8;90.9838
GAI_BB_15;93.3480
EML;177.2108
M_EDI;160.6062
Red_Ee;0.8309
Nir_EeA;0.1948
Nir_EeB;0.8377
"--- SPEKTRUM (nm; W/m2) ---"
340;0.000239
341;0.000314
342;0.000393
343;0.000431
344;0.000341
345;0.000303
346;0.000357
347;0.000441
348;0.000500
349;0.000471
350;0.000496
351;0.000314
352;0.000346
353;0.000376
354;0.000352
355;0.000418
356;0.000375
357;0.000302
358;0.000359
359;0.000431
360;0.000516
361;0.000527
362;0.000492
363;0.000567
364;0.000563
365;0.000583
366;0.000753
367;0.000753
368;0.000761
369;0.000867
370;0.000905
371;0.001024
372;0.001050
373;0.001003
374;0.001007
375;0.001175
376;0.001311
377;0.001373
378;0.001429
379;0.001389
380;0.001287
381;0.001291
382;0.001287
383;0.001298
384;0.001418
385;0.001455
386;0.001503
387;0.001635
388;0.001711
389;0.001801
390;0.001862
391;0.001901
392;0.001888
393;0.001829
394;0.001857
395;0.001912
396;0.001997
397;0.002131
398;0.002392
399;0.002706
400;0.003040
401;0.003306
402;0.003467
403;0.003670
404;0.003865
405;0.003972
406;0.004057
407;0.004217
408;0.004376
409;0.004568
410;0.004710
411;0.004877
412;0.005101
413;0.005359
414;0.005598
415;0.005750
416;0.005872
417;0.005974
418;0.006025
419;0.006156
420;0.006307
421;0.006409
422;0.006533
423;0.006666
424;0.006909
425;0.007199
426;0.007433
427;0.007370
428;0.007089
429;0.006831
430;0.006755
431;0.006645
432;0.006766
433;0.007088
434;0.007626
435;0.007948
436;0.008161
437;0.008290
438;0.008351
439;0.008435
440;0.008700
441;0.008758
442;0.009095
443;0.009281
444;0.009471
445;0.009679
446;0.009808
447;0.010080
448;0.010258
449;0.010273
450;0.010741
451;0.010905
452;0.010972
453;0.010955
454;0.010668
455;0.010738
456;0.011042
457;0.011303
458;0.011119
459;0.011269
460;0.011576
461;0.011457
462;0.011379
463;0.011617
464;0.011678
465;0.011621
466;0.011630
467;0.011633
468;0.011778
469;0.011917
470;0.011904
471;0.011873
472;0.012026
473;0.012082
474;0.012171
475;0.012208
476;0.012129
477;0.012199
478;0.012217
479;0.012362
480;0.012595
481;0.012546
482;0.012597
483;0.012669
484;0.012732
485;0.012547
486;0.012132
487;0.011847
488;0.011885
489;0.012138
490;0.012525
491;0.012758
492;0.012856
493;0.012997
494;0.013073
495;0.013233
496;0.013304
497;0.013381
498;0.013343
499;0.013239
500;0.013057
501;0.012940
502;0.012856
503;0.012795
504;0.012811
505;0.012911
506;0.013116
507;0.013229
508;0.013180
509;0.013226
510;0.013309
511;0.013504
512;0.013598
513;0.013529
514;0.013347
515;0.013298
516;0.013135
517;0.012751
518;0.012575
519;0.012666
520;0.012941
521;0.013302
522;0.013497
523;0.013558
524;0.013630
525;0.013659
526;0.013482
527;0.013143
528;0.013113
529;0.013420
530;0.013658
531;0.013759
532;0.013703
533;0.013630
534;0.013634
535;0.013818
536;0.013958
537;0.013939
538;0.013837
539;0.013727
540;0.013601
541;0.013484
542;0.013478
543;0.013552
544;0.013661
545;0.013694
546;0.013667
547;0.013636
548;0.013649
549;0.013672
550;0.013685
551;0.013670
552;0.013659
553;0.013713
554;0.013760
555;0.013699
556;0.013568
557;0.013433
558;0.013253
559;0.013092
560;0.013064
561;0.013065
562;0.013073
563;0.013040
564;0.012944
565;0.012832
566;0.012721
567;0.012627
568;0.012476
569;0.012320
570;0.012186
571;0.012120
572;0.012134
573;0.012142
574;0.012062
575;0.011986
576;0.011938
577;0.011943
578;0.012001
579;0.012121
580;0.012341
581;0.012585
582;0.012782
583;0.012929
584;0.012961
585;0.012880
586;0.012780
587;0.012595
588;0.012242
589;0.011969
590;0.011854
591;0.011939
592;0.012115
593;0.012200
594;0.012250
595;0.012323
596;0.012384
597;0.012423
598;0.012438
599;0.012493
600;0.012528
601;0.012546
602;0.012569
603;0.012674
604;0.012800
605;0.012826
606;0.012842
607;0.012837
608;0.012824
609;0.012791
610;0.012749
611;0.012765
612;0.012809
613;0.012798
614;0.012791
615;0.012762
616;0.012739
617;0.012788
618;0.012866
619;0.012941
620;0.012996
621;0.013003
622;0.012943
623;0.012838
624;0.012715
625;0.012617
626;0.012464
627;0.012216
628;0.011996
629;0.011997
630;0.012131
631;0.012269
632;0.012443
633;0.012634
634;0.012764
635;0.012910
636;0.013066
637;0.013227
638;0.013331
639;0.013410
640;0.013414
641;0.013399
642;0.013447
643;0.013503
644;0.013499
645;0.013395
646;0.013206
647;0.013013
648;0.012905
649;0.012899
650;0.012996
651;0.013139
652;0.013243
653;0.013256
654;0.013050
655;0.012683
656;0.012466
657;0.012653
658;0.013080
659;0.013465
660;0.013710
661;0.013881
662;0.013973
663;0.013985
664;0.013980
665;0.014025
666;0.014054
667;0.014052
668;0.014057
669;0.014082
670;0.014057
671;0.014021
672;0.014060
673;0.014111
674;0.014099
675;0.014054
676;0.014025
677;0.014040
678;0.014095
679;0.014091
680;0.014030
681;0.014002
682;0.013947
683;0.013819
684;0.013532
685;0.012843
686;0.011642
687;0.010424
688;0.009842
689;0.010000
690;0.010476
691;0.011015
692;0.011425
693;0.011622
694;0.011754
695;0.011985
696;0.012275
697;0.012515
698;0.012538
699;0.012322
700;0.012123
701;0.012069
702;0.012174
703;0.012336
704;0.012494
705;0.012586
706;0.012672
707;0.012736
708;0.012758
709;0.012769
710;0.012796
711;0.012771
712;0.012693
713;0.012588
714;0.012359
715;0.011881
716;0.011092
717;0.010080
718;0.009218
719;0.008783
720;0.008912
721;0.009406
722;0.009819
723;0.009797
724;0.009519
725;0.009277
726;0.009195
727;0.009202
728;0.009277
729;0.009384
730;0.009539
731;0.009820
732;0.010246
733;0.010738
734;0.011092
735;0.011251
736;0.011332
737;0.011390
738;0.011442
739;0.011520
740;0.011638
741;0.011753
742;0.011817
743;0.011877
744;0.011946
745;0.011991
746;0.011982
747;0.011927
748;0.011888
749;0.011848
750;0.011779
751;0.011728
752;0.011697
753;0.011670
754;0.011622
755;0.011507
756;0.011306
757;0.010913
758;0.009987
759;0.008202
760;0.005949
761;0.004053
762;0.003198
763;0.003147
764;0.003566
765;0.004503
766;0.005833
767;0.007295
768;0.008603
769;0.009550
770;0.010143
771;0.010468
772;0.010652
773;0.010759
774;0.010781
775;0.010755
776;0.010773
777;0.010768
778;0.010718
779;0.010643
780;0.010607
781;0.010567
782;0.010557
783;0.010505
784;0.010397
785;0.010271
786;0.010169
787;0.010043
788;0.009894
789;0.009747
790;0.009601
791;0.009456
792;0.009387
793;0.009375
794;0.009362
795;0.009328
796;0.009299
797;0.009271
798;0.009235
799;0.009205
800;0.009131
801;0.009024
802;0.008930
803;0.008870
804;0.008850
805;0.008855
806;0.008861
807;0.008832
808;0.008756
809;0.008617
810;0.008421
811;0.008191
812;0.007866
813;0.007454
814;0.007025
815;0.006610
816;0.006250
817;0.005976
818;0.005908
819;0.006011
820;0.006189
821;0.006357
822;0.006350
823;0.006189
824;0.006152
825;0.006358
826;0.006584
827;0.006612
828;0.006498
829;0.006425
830;0.006427
831;0.006469
832;0.006541
833;0.006609
834;0.006678
835;0.006785
836;0.006942
837;0.007028
838;0.007064
839;0.007122
840;0.007176
841;0.007222
842;0.007239
843;0.007227
844;0.007227
845;0.007228
846;0.007215
847;0.007197
848;0.007154
849;0.007030
850;0.006891
851;0.006813
852;0.006743
853;0.006638
854;0.006515
855;0.006413
856;0.006464
857;0.006608
858;0.006691
859;0.006714
860;0.006681
861;0.006657
862;0.006661
863;0.006655
864;0.006604
865;0.006510
866;0.006340
867;0.006171
868;0.006114
869;0.006156
870;0.006264
871;0.006320
872;0.006279
873;0.006246
874;0.006198
875;0.006120
876;0.006059
877;0.006019
878;0.005961
879;0.005910
880;0.005872
881;0.005785
882;0.005742
883;0.005708
884;0.005645
885;0.005573
886;0.005477
887;0.005426
888;0.005417
889;0.005359
890;0.005274
891;0.005163
892;0.005033
893;0.004839
894;0.004561
895;0.004299
896;0.004003
897;0.003707
898;0.003474
899;0.003291
900;0.003184
901;0.003141
902;0.003146
903;0.003238
904;0.003438
905;0.003515
906;0.003461
907;0.003292
908;0.003079
909;0.002963
910;0.002877
911;0.002857
912;0.002825
913;0.002715
914;0.002627
915;0.002568
916;0.002567
917;0.002561
918;0.002634
919;0.002762
920;0.002833
921;0.002890
922;0.002882
923;0.002867
924;0.002733
925;0.002635
926;0.002539
927;0.002389
928;0.002148
929;0.001830
930;0.001527
931;0.001270
932;0.000959
933;0.000698
934;0.000539
935;0.000498
936;0.000458
937;0.000426
938;0.000490
939;0.000595
940;0.000641
941;0.000701
942;0.000727
943;0.000698
944;0.000587
945;0.000535
946;0.000549
947;0.000559
948;0.000543
949;0.000532
950;0.000615
951;0.000674
952;0.000667
953;0.000651
954;0.000696
955;0.000719
956;0.000678
957;0.000747
958;0.000865
959;0.000858
960;0.000860
961;0.000915
962;0.000980
963;0.001072
964;0.001149
965;0.001162
966;0.001192
967;0.001292
968;0.001451
969;0.001586
970;0.001615
971;0.001585
972;0.001496
973;0.001497
974;0.001494
975;0.001501
976;0.001504
977;0.001458
978;0.001467
979;0.001520
980;0.001508
981;0.001506
982;0.001538
983;0.001613
984;0.001671
985;0.001720
986;0.001740
987;0.001717
988;0.001820
989;0.001787
990;0.001728
991;0.001738
992;0.001748
993;0.001718
994;0.001686
995;0.001627
996;0.001630
997;0.001653
998;0.001579
999;0.001559
1000;0.001499
1001;0.001462
1002;0.001409
1003;0.001342
1004;0.001390
1005;0.001451
1006;0.001381
1007;0.001334
1008;0.001317
1009;0.001291
1010;0.001252
1011;0.001190
1012;0.001216
1013;0.001307
1014;0.001287
1015;0.001242
1016;0.001201
1017;0.001197
1018;0.001126
1019;0.001090
1020;0.001115
